0	ALLEUR_NMATCH_sprime_results.bed	ALL1KG_NMATCH_sprime_results.bed	ALLEUR_sprime_results.bed	ALL1KG_sprime_results.bed
3mm_cylindrical_power_left.5119_irnt.bgz	-0.9451575660279999	-0.47870171608499995	0.10460923800899999	0.249693686256
3mm_cylindrical_power_right.5116_irnt.bgz	0.421875126728	0.365553974837	0.595816226991	0.640148319273
3mm_strong_meridian_angle_left.5104_irnt.bgz	0.000988819011275	0.726724849056	0.32367629261	0.543261106711
3mm_strong_meridian_left.5135_irnt.bgz	0.738676246777	0.905059838492	0.6102460789949999	0.6839171149169999
3mm_strong_meridian_right.5132_irnt.bgz	0.775471494786	0.908282976779	0.591763625853	0.662668374684
3mm_weak_meridian_left.5096_irnt.bgz	0.996791004717	1.0955135218	0.709481230049	0.767165250801
3mm_weak_meridian_right.5099_irnt.bgz	0.979597532711	1.10217139412	0.687141746094	0.760742175003
6mm_strong_meridian_left.5134_irnt.bgz	0.687811009572	0.8831718316320001	0.559518316923	0.64248521946
6mm_strong_meridian_right.5133_irnt.bgz	0.840877045956	1.02625495088	0.619984849074	0.696638061178
6mm_weak_meridian_left.5097_irnt.bgz	1.06503878318	1.2581215735100002	0.738256486258	0.818270063474
6mm_weak_meridian_right.5098_irnt.bgz	1.0366442208700002	1.23508545588	0.7241290530239999	0.8086484614380001
Activities_undertaken_to_treat_depression:_Talking_therapies,_such_as_psychotherapy,_counselling,_group_therapy_or_CBT.20547_1.bgz	1.08454206382	1.4992270396599998	0.7477109478939999	0.976135126049
Age_at_first_live_birth.2754_irnt.bgz	0.959780682839	0.7680739208499999	0.713803650368	0.639788448608
Age_at_last_live_birth.2764_irnt.bgz	0.427947626558	0.278320453923	0.533878953318	0.509365507061
Age_at_menopause_last_menstrual_period.3581_irnt.bgz	1.9700357205599999	1.8778464039700002	1.16651581843	1.12897309438
Age_completed_full_time_education.845.bgz	-0.00049683475841	0.0788557200814	0.24774382304499998	0.282328632889
Age_first_had_sexual_intercourse.2139_irnt.bgz	0.872561425149	0.928655865422	0.571683041011	0.609760066414
Age_high_blood_pressure_diagnosed.2966_irnt.bgz	0.141014710974	0.426923083774	0.642924538003	0.771435636256
Age_started_oral_contraceptive_pill.2794_irnt.bgz	0.609355111821	0.67735761314	0.39847970643200004	0.45104191972400004
Age_started_smoking_in_former_smokers.2867_irnt.bgz	1.35803472716	1.6513211102899998	0.926775448876	0.974042972457
Age_started_wearing_glasses_or_contact_lenses.2217_irnt.bgz	0.916562607624	0.945585067664	0.658528343305	0.63397402786
Age_when_periods_started_menarche.2714.bgz	0.951944480149	0.89700358162	0.823670053591	0.832669711125
Alanine_aminotransferase_UL.30620_irnt.gz	0.801535596251	0.5306296804689999	0.622768657148	0.5533374898910001
Albumin_gL.30600_irnt.gz	1.3389024058499999	1.2896988089799999	0.944052327367	0.927861616012
Alcohol_drinker_status:_Current.20117_2.bgz	0.326977081279	0.29784450720899996	0.49833117166999996	0.48150323184199995
Alcohol_intake_versus_10_years_previously.1628.bgz	1.44120997497	1.34881041599	0.771516750818	0.683631029094
Alcohol_usually_taken_with_meals.1618.bgz	0.6997985628579999	0.6962900712729999	0.647741077363	0.64928198643
Ankle_spacing_width.3143_irnt.bgz	0.889215326797	0.732569308736	0.5878030742329999	0.555574075068
Ankle_spacing_width_left.4100_irnt.bgz	1.0305028131799998	0.978837531683	0.567175170576	0.550687613681
Ankle_spacing_width_right.4119_irnt.bgz	1.00197260858	1.01884067818	0.581163984497	0.5966839799570001
Answered_sexual_history_questions.2129.bgz	0.199818459063	0.39093879686300004	0.519610950854	0.6375158232270001
Any_ICDMAIN_event_in_hilmo_or_causes_of_death.ICDMAIN_ANY_ENTRY.bgz	1.60007292474	1.5034245305899998	1.16973161655	1.1203205867200001
Arm_fat-free_mass_left.23125_irnt.bgz	0.783472256133	0.723674650425	0.553864482988	0.606156332827
Arm_fat-free_mass_right.23121_irnt.bgz	0.855713394965	0.810597782018	0.598683767675	0.646043638029
Arm_fat_mass_left.23124_irnt.bgz	1.0342004300799998	0.8818427646889999	0.692288001656	0.709705847017
Arm_fat_mass_right.23120_irnt.bgz	1.01081296372	0.861572392235	0.682053188298	0.698295471647
Arm_fat_percentage_left.23123_irnt.bgz	1.15538947724	1.00791197249	0.775213475643	0.777898297226
Arm_fat_percentage_right.23119_irnt.bgz	1.07704150433	0.937229721081	0.734968372967	0.738438440036
Arm_predicted_mass_left.23126_irnt.bgz	0.8214732143889999	0.7474935277770001	0.575894763984	0.6235405119690001
Arm_predicted_mass_right.23122_irnt.bgz	0.919766837815	0.869135000978	0.6236573904020001	0.667651834962
Arthrosis.M13_ARTHROSIS.bgz	1.67821899195	1.6684513021599998	1.0673648699299998	0.947727260467
Aspartate_aminotransferase_UL.30650_irnt.gz	0.8295932920479999	0.817453500825	0.740215344393	0.7835577891850001
Attendancedisabilitymobility_allowance:_Blue_badge.6146_3.bgz	1.15149482894	0.966411077992	0.756348086894	0.709830306768
Attendancedisabilitymobility_allowance:_Disability_living_allowance.6146_2.bgz	1.1398741356	1.1048052237100001	0.795489420659	0.784737007084
Attendancedisabilitymobility_allowance:_None_of_the_above.6146_100.bgz	1.1420672546600001	1.10191918341	0.726230190777	0.715873451864
Average_weekly_beer_plus_cider_intake.1588.bgz	0.507894399601	0.440716559621	0.696118269921	0.639133822668
Average_weekly_champagne_plus_white_wine_intake.1578.bgz	0.448649650418	0.7081708205320001	0.601258260844	0.767286951195
Average_weekly_red_wine_intake.1568.bgz	0.7762558173880001	0.866823036736	0.598183443007	0.590499381041
Average_weekly_spirits_intake.1598.bgz	1.3952250088999998	1.1183277914399998	0.7918935200049999	0.769323233632
Basal_metabolic_rate.23105_irnt.bgz	0.914436399491	0.8531587119600001	0.645427611236	0.695347345656
Belief_that_own_life_is_meaningful.20460.bgz	-0.39851741677100005	-0.0452834089275	-0.17132511997000002	0.0577325694657
Birth_weight.20022_irnt.bgz	0.7639884042389999	0.509728480274	0.629152337996	0.563590095776
Birth_weight_of_first_child.2744.bgz	1.40066672296	1.29107763312	0.938699654841	0.94238887018
Blood_clot,_DVT,_bronchitis,_emphysema,_asthma,_rhinitis,_eczema,_allergy_diagnosed_by_doctor:_Asthma.6152_8.bgz	1.25194817311	1.3041627806	0.7123368194959999	0.760333558813
Blood_clot,_DVT,_bronchitis,_emphysema,_asthma,_rhinitis,_eczema,_allergy_diagnosed_by_doctor:_Hayfever,_allergic_rhinitis_or_eczema.6152_9.bgz	1.62394981982	1.7509078070700002	0.936439736621	1.00302527963
Blood_clot,_DVT,_bronchitis,_emphysema,_asthma,_rhinitis,_eczema,_allergy_diagnosed_by_doctor:_None_of_the_above.6152_100.bgz	1.5646878664100001	1.57839499974	0.9181376766249999	0.926174944347
Body_fat_percentage.23099_irnt.bgz	1.21308739879	1.0746878122799999	0.786659824044	0.78540464031
Body_mass_index_BMI.21001_irnt.bgz	1.01053936142	0.8951554435469999	0.6446596715540001	0.671338080523
Body_mass_index_BMI.23104_irnt.bgz	1.0020760867	0.894412849541	0.650438151268	0.681336384334
Bread_intake.1438_irnt.bgz	0.873875134291	1.00471944031	0.642419243566	0.7326125757459999
Bread_type:_White.1448_1.bgz	0.491373863436	0.603180965306	0.5689913741570001	0.610845221178
Bread_type:_Wholemeal_or_wholegrain.1448_3.bgz	0.0106753898835	0.183937678019	0.253906415371	0.321853525319
Calcium_mmolL.30680_irnt.gz	0.7075713590389999	0.69886361995	0.5803516853149999	0.6057592839429999
Cereal_intake.1458.bgz	1.38793260116	1.36783212907	0.9226352075	0.8694539696420001
Cereal_type:_Muesli.1468_4.bgz	1.33463355204	1.27803572658	0.756795745404	0.691479875016
Cereal_type:_Other_e.g._Cornflakes,_Frosties.1468_5.bgz	0.08030740397780001	0.193856483541	0.377593464853	0.37899459750299996
Chest_pain_or_discomfort.2335.bgz	0.915943150602	1.02645419335	0.491544480363	0.586419703927
Coffee_intake.1498.bgz	0.232825863388	0.462592574864	0.32248339177700003	0.430308981368
Coffee_type:_Ground_coffee_include_espresso,_filter_etc.1508_3.bgz	0.43295814096999996	0.25781032883099997	0.496703302764	0.37701265379199994
Coffee_type:_Instant_coffee.1508_2.bgz	0.98357925294	0.8318032110860001	0.747192794032	0.598324051645
Comparative_body_size_at_age_10.1687.bgz	0.895290276988	0.855079752033	0.6670310252139999	0.649594119718
Comparative_height_size_at_age_10.1697.bgz	0.914423640661	0.843132012744	0.737451911126	0.692805136438
Cooked_vegetable_intake.1289.bgz	1.7963356026599997	1.8596809351499999	1.1333429940000002	1.11145230405
Corneal_hysteresis_left.5264_irnt.bgz	0.24637150500399999	0.722120438797	0.531290725641	0.687580258703
Corneal_hysteresis_right.5256_irnt.bgz	0.833486038204	1.3378692927299998	0.8046293656579999	1.03255695567
Corneal_resistance_factor_left.5265_irnt.bgz	0.43357303286300003	0.775680377746	0.664581211583	0.788305858963
Corneal_resistance_factor_right.5257_irnt.bgz	0.72561986838	1.09081909913	0.780740282268	0.950444677448
Creatinine_enzymatic_in_urine.30510_irnt.bgz	0.192977166201	0.333341570265	0.351903323027	0.444186176
Creatinine_umolL.30700_irnt.gz	1.69605050589	1.6703631349099999	1.00703202028	0.977178255512
Current_employment_status:_Unable_to_work_because_of_sickness_or_disability.6142_4.bgz	0.506212577716	0.5482621541920001	0.44416716827	0.413055477116
Current_tobacco_smoking.1239.bgz	0.935421411665	0.8444292434819999	0.660522972598	0.639796710061
Daytime_dozing__sleeping_narcolepsy.1220.bgz	0.450253429094	0.539679691185	0.6661761429349999	0.68854217199
Destinations_on_discharge_from_hospital_recoded:_Usual_Place_of_residence.41248_1000.bgz	2.02982355899	2.18535686553	1.1851084757400001	1.2347082108299998
Diabetes_diagnosed_by_doctor.2443.bgz	1.45551761454	1.09462951959	0.970866233278	0.8529159917910001
Diagnoses_-_main_ICD10:_K57_Diverticular_disease_of_intestine.K57.bgz	1.42457150718	0.991353073537	0.850495561777	0.678841455279
Diagnoses_-_main_ICD10:_M17_Gonarthrosis_arthrosis_of_knee.M17.bgz	1.01014413796	1.3876816368599998	0.779135349715	0.802477822902
Diagnoses_-_main_ICD10:_R07_Pain_in_throat_and_chest.R07.bgz	1.40524507991	1.55324374477	0.9391881286849999	0.9455813167980001
Diastolic_blood_pressure,_automated_reading.4079_irnt.bgz	1.00079931392	0.93719626359	0.690343574712	0.660141774893
Diseases_of_the_circulatory_system.IX_CIRCULATORY.bgz	1.11260888735	1.57981156757	0.465117553375	0.648301801645
Diseases_of_the_digestive_system.XI_DIGESTIVE.bgz	1.65669627595	1.5338386756400002	0.969201112003	0.934701972133
Diseases_of_the_musculoskeletal_system_and_connective_tissue.XIII_MUSCULOSKELET.bgz	1.4890690354499998	1.39166520316	0.8447962427060001	0.777502131315
Diseases_of_the_nervous_system.VI_NERVOUS.bgz	1.26076148768	1.38365883256	0.8183565888959999	0.9120381192489999
Diseases_of_veins,_lymphatic_vessels_and_lymph_nodes,_not_elsewhere_classified.I9_DISVEINLYMPH.bgz	1.54875444692	2.08301625886	0.8594680319410001	1.05050204442
Disorders_of_gallbladder,_biliary_tract_and_pancreas.K11_GALLBILPANC.bgz	0.8386341105509999	0.5630723033389999	0.933242034576	0.919575769648
Disorders_of_lens.H7_LENS.bgz	1.3657455768	1.3866464558000002	0.70483934757	0.7912072613259999
Doctor_diagnosed_hayfever_or_allergic_rhinitis.22126.bgz	1.45346563356	1.3350407452600002	0.923025017928	0.8481069021269999
Dried_fruit_intake.1319.bgz	0.841224714375	1.04483193846	0.74961580562	0.877608041312
Drive_faster_than_motorway_speed_limit.1100.bgz	0.56618706032	0.470945560581	0.530326724308	0.43267228659699997
Duration_of_moderate_activity.894.bgz	-0.770548140462	-0.785743934709	-0.0492421084533	-0.0418226198454
Duration_of_vigorous_activity.914_irnt.bgz	-0.49754504523000004	-0.69948088345	0.138870900984	0.0622099450524
Duration_of_walks.874_irnt.bgz	0.41111793334299995	0.313026115424	0.567181293266	0.543385366885
Duration_screen_displayed.4290_irnt.bgz	0.27639812125999996	0.35555837079400004	0.353215482774	0.35916727921400005
Duration_to_first_press_of_snap-button_in_each_round.404_irnt.bgz	0.8359412281849999	0.792607864816	0.677554440123	0.654768135625
Eosinophill_count.30150.bgz	1.19770774011	1.18105037871	0.780990091296	0.7807394294140001
Eosinophill_percentage.30210_irnt.bgz	1.20753318278	1.24289799721	0.802937903842	0.788095824661
Ever_depressed_for_a_whole_week.4598.bgz	1.76350748658	1.76358394568	1.0518145327700001	1.05627409311
Ever_felt_worried,_tense,_or_anxious_for_most_of_a_month_or_longer.20421.bgz	2.3149984141	2.4792906021400003	1.2810718692299998	1.36040081732
Ever_had_period_extreme_irritability.20502.bgz	0.539702883088	0.134622457401	0.501662905781	0.44265086372699997
Ever_had_prolonged_feelings_of_sadness_or_depression.20446.bgz	1.7694874434799999	1.9573825424400002	0.854370272857	1.04313002934
Ever_had_prolonged_loss_of_interest_in_normal_activities.20441.bgz	1.19376829726	1.2865883950499999	0.951079542891	0.9766971411220001
Ever_smoked.20160.bgz	1.5448595646099998	1.41941308768	0.905884872919	0.873717839756
Ever_sought_or_received_professional_help_for_mental_distress.20499.bgz	0.927600207946	1.16784811312	0.752873906098	0.901401892283
Ever_suffered_mental_distress_preventing_usual_activities.20500.bgz	1.7526008946	2.3774058128599997	1.05112205026	1.3023969156200002
Ever_thought_that_life_not_worth_living.20479.bgz	0.9033990190060001	1.01654061936	0.680426334402	0.841706867596
Ever_used_hormone-replacement_therapy_HRT.2814.bgz	0.927324456001	1.0773992894	0.506528032441	0.595646589965
Exposure_to_tobacco_smoke_outside_home.1279.bgz	2.19049401911	2.29617894951	1.14526408112	0.9745227427069999
Facial_ageing.1757.bgz	1.4423586492200002	1.3426020848500002	0.816381989878	0.825807706841
Falls_in_the_last_year.2296.bgz	0.584011526282	0.399589343571	0.7709221839129999	0.687537088598
Family_relationship_satisfaction.4559.bgz	1.39983311563	1.40053851451	0.9318608794600001	1.03305464975
Fathers_age_at_death.1807_irnt.bgz	1.2567679600700001	0.9620138138600001	0.901988385196	0.810706130209
Fed-up_feelings.1960.bgz	0.582081722987	0.556007841948	0.50491155328	0.533664825827
Felt_hated_by_family_member_as_a_child.20487.bgz	1.63950986951	1.33019138138	0.5818778891449999	0.48144057336400004
Felt_loved_as_a_child.20489.bgz	0.268011433266	0.22162143605999998	0.30828141915199997	0.31264310225
Felt_very_upset_when_reminded_of_stressful_experience_in_past_month.20498.bgz	-0.25771105135899997	-0.307502029515	0.411966931523	0.601938303612
FI3_:_word_interpolation.4957.bgz	0.448405122236	0.589885429235	0.539875518382	0.5992311972600001
FI4_:_positional_arithmetic.4968.bgz	0.449127825018	0.033317568466900004	0.563492437587	0.392355856291
FI6_:_conditional_arithmetic.4990.bgz	0.911412949441	1.01914337177	0.723742728775	0.7801963164
FI8_:_chained_arithmetic.5012.bgz	0.170358944386	0.6627686985369999	0.552644619468	0.626221083764
Financial_situation_satisfaction.4581.bgz	1.01391003271	1.3063812247600002	0.8706806610979999	1.000410515
Fluid_intelligence_score.20016_irnt.bgz	0.6586148323650001	0.632988205131	0.5306911520750001	0.48926564783
Forced_expiratory_volume_in_1-second_FEV1.3063_irnt.bgz	1.4675273465799998	1.6217004190600002	0.993072175394	1.05019330766
Forced_expiratory_volume_in_1-second_FEV1,_Best_measure.20150_irnt.bgz	1.52931376877	1.6723278315	1.0618114635100002	1.12496530092
Forced_expiratory_volume_in_1-second_FEV1,_predicted.20153_irnt.bgz	0.9887281775740001	0.959465052033	0.8448645545260001	0.856137004111
Forced_expiratory_volume_in_1-second_FEV1,_predicted_percentage.20154_irnt.bgz	1.30025431015	1.4163490636000002	0.845623118767	0.92138925448
Forced_vital_capacity_FVC.3062_irnt.bgz	1.6405006578999999	1.7250055370200001	1.0376832498100002	1.0849045425900001
Forced_vital_capacity_FVC,_Best_measure.20151_irnt.bgz	1.70039972284	1.7654462890400002	1.09673957622	1.14743920708
Fracturedbroken_bones_in_last_5_years.2463.bgz	2.98455066167	2.46515261751	1.24337434787	1.1495382836299999
Frequency_of_depressed_mood_in_last_2_weeks.2050.bgz	0.7577238411689999	0.892679174362	0.7223887970180001	0.777785991676
Frequency_of_tenseness__restlessness_in_last_2_weeks.2070.bgz	0.36595236625699995	0.399181637746	0.656865430185	0.6618885439100001
Frequency_of_tiredness__lethargy_in_last_2_weeks.2080.bgz	0.917505089767	1.0029386033399998	0.7812668909020001	0.841228197411
Frequency_of_unenthusiasm__disinterest_in_last_2_weeks.2060.bgz	0.371449833099	0.613559474392	0.5042646539500001	0.5420200547999999
Fresh_fruit_intake.1309.bgz	0.568848703391	0.6047039577669999	0.497349629295	0.567043356043
Friendships_satisfaction.4570.bgz	0.535727751909	0.642547643307	0.427006597418	0.466802686085
Gas_or_solid-fuel_cookingheating:_An_open_solid_fuel_fire_that_you_use_regularly_in_winter_time.6139_3.bgz	-0.730895066847	-0.895490625153	0.274509627681	0.20177663802700002
General_happiness.20458.bgz	-0.05807421033369999	-0.423954852349	-0.305490449271	-0.342128482607
General_happiness_with_own_health.20459.bgz	0.756699432708	0.754520552789	0.49849918262500004	0.548850676387
Getting_up_in_morning.1170.bgz	1.28441901752	1.0750039853	0.9325083460600001	0.7641874135269999
Glycated_haemoglobin_mmolmol.30750_irnt.gz	2.0308258491799998	1.87079848846	1.2722644380299999	1.23224682202
Gonarthrosis_arthrosis_of_kneeFG.KNEE_ARTHROSIS.bgz	1.01014413796	1.3876816368599998	0.779135349715	0.802477822902
Guilty_feelings.2030.bgz	1.70127557865	1.6894615266600002	1.11184002045	1.08847430364
Haematocrit_percentage.30030_irnt.bgz	0.471120744871	0.549113001649	0.827079056592	0.870686308096
Haemoglobin_concentration.30020_irnt.bgz	0.619660265755	0.7517013623469999	0.875551274353	0.939943306941
Hairbalding_pattern:_Pattern_1.2395_1.bgz	2.45798964917	2.18221782239	1.2635568351200002	1.2814195696200001
Hairbalding_pattern:_Pattern_2.2395_2.bgz	2.60212452033	2.4113547973099996	1.52820103646	1.50549991632
Hairbalding_pattern:_Pattern_4.2395_4.bgz	3.14309598352	2.87333366073	1.56016158513	1.53869688845
Hand_grip_strength_left.46_irnt.bgz	0.874962859094	0.8535751184970001	0.7525367598270001	0.7524668811390001
Hand_grip_strength_right.47_irnt.bgz	1.03417505387	1.0888803278399999	0.822432455057	0.855478136084
Happiness.4526.bgz	0.601098871388	0.353552896064	0.452594667153	0.35453996036200003
Health_satisfaction.4548.bgz	1.5065526296399998	1.4824967885	1.01374474481	1.04402354282
Hearing_difficultyproblems:_No.2247_0.bgz	1.09422823356	1.02057395308	0.7342291312199999	0.710397924303
Hearing_difficultyproblems_with_background_noise.2257.bgz	0.268657581944	0.32928449326	0.598190939446	0.620380120133
Hearing_difficultyproblems:_Yes.2247_1.bgz	1.1120105497200001	1.03019845526	0.743136174144	0.714067898873
Heel_bone_mineral_density_BMD.3148_irnt.bgz	1.5503072146	1.32062444755	0.9626896368790001	0.903477354758
Heel_bone_mineral_density_BMD_left.4105_irnt.bgz	0.929375385591	0.90196621055	0.7285724247480001	0.753120317438
Heel_bone_mineral_density_BMD_right.4124_irnt.bgz	1.2978111415200002	1.17664386703	0.8917307702689999	0.876918907101
Heel_bone_mineral_density_BMD_T-score,_automated.78_irnt.bgz	1.54229757738	1.3131637065200001	0.963895434414	0.903621720019
Heel_bone_mineral_density_BMD_T-score,_automated_left.4106_irnt.bgz	1.02179296587	0.980249979139	0.7697943900049999	0.7870507637549999
Heel_bone_mineral_density_BMD_T-score,_automated_right.4125_irnt.bgz	1.31115259325	1.19137918234	0.895133991571	0.879139480402
Heel_Broadband_ultrasound_attenuation,_direct_entry.3144_irnt.bgz	1.32415663677	1.137071949	0.8575055678929999	0.814367640897
Heel_broadband_ultrasound_attenuation_left.4101_irnt.bgz	0.882708235255	0.920030130384	0.693079847767	0.7367525047869999
Heel_broadband_ultrasound_attenuation_right.4120_irnt.bgz	1.31621435128	1.23095338844	0.8759228891399999	0.8742006783059999
Heel_quantitative_ultrasound_index_QUI,_direct_entry.3147_irnt.bgz	1.54229115802	1.31327777323	0.9639011924709999	0.9036870141590001
Heel_quantitative_ultrasound_index_QUI,_direct_entry_left.4104_irnt.bgz	1.02197193693	0.980397292244	0.769859735841	0.787099246991
Heel_quantitative_ultrasound_index_QUI,_direct_entry_right.4123_irnt.bgz	1.3112882664799999	1.19151258092	0.8952245717849999	0.879250165458
Hip_circumference.49_irnt.bgz	1.0791770479	0.971780798763	0.684146289786	0.7000871738869999
Home_location_-_north_co-ordinate_rounded.22704_irnt.bgz	1.7496810602200001	2.31037155307	1.1274471201799998	1.4232534800299999
Hospital_episode_type:_General_episode.41231_1.bgz	1.47948198623	1.57549378521	0.939823119605	0.9756558633769999
Hot_drink_temperature.1518.bgz	0.9201517181209999	0.8149274332359999	0.605649462343	0.49862716783600003
How_are_people_in_household_related_to_participant:_Husband,_wife_or_partner.6141_1.bgz	1.12804336855	1.1837833576799999	0.8532142164190001	0.831002725736
IGF-1_nmolL.30770_irnt.gz	2.1637974698599995	1.89228822259	1.3293785415200001	1.23390309036
Illnesses_of_father:_Diabetes.20107_9.bgz	0.17069078800299997	0.0880688981292	0.312108968439	0.283131618675
Illnesses_of_father:_Heart_disease.20107_1.bgz	1.2739512532	1.67445286823	0.9891998670290001	1.0400570179100002
Illnesses_of_father:_High_blood_pressure.20107_8.bgz	0.35029521340499997	0.479751950757	0.638303044528	0.7562572425499999
Illnesses_of_mother:_Diabetes.20110_9.bgz	1.6565896239700002	1.39273738424	1.16630536946	1.04444537114
Illnesses_of_mother:_High_blood_pressure.20110_8.bgz	0.812443032443	1.19794028939	0.750279088502	0.9075314157979999
Illnesses_of_mother:_None_of_the_above_group_1.20110_100.bgz	1.11608946156	1.57002665065	0.760522430945	1.0110008240100001
Illnesses_of_siblings:_Diabetes.20111_9.bgz	1.1880469997299998	1.18934294773	0.826293123151	0.896079089676
Illnesses_of_siblings:_Heart_disease.20111_1.bgz	-0.5980021044080001	-0.555842085753	0.243899975321	0.330105924361
Illnesses_of_siblings:_High_blood_pressure.20111_8.bgz	0.181831545812	0.0305613216208	0.322008238759	0.30725418301699997
Illnesses_of_siblings:_None_of_the_above_group_1.20111_100.bgz	0.164138056907	0.157491816848	0.40904210787399997	0.45151901335
Illness,_injury,_bereavement,_stress_in_last_2_years:_Financial_difficulties.6145_6.bgz	1.8715969308099998	1.61871515777	1.1746128506	1.14511243786
Illness,_injury,_bereavement,_stress_in_last_2_years:_None_of_the_above.6145_100.bgz	1.1868292839899999	0.973780925978	1.06656614141	1.08359976693
Illness,_injury,_bereavement,_stress_in_last_2_years:_Serious_illness,_injury_or_assault_to_yourself.6145_1.bgz	0.173052912009	0.517293063418	0.565379210714	0.686094434429
Immature_reticulocyte_fraction.30280_irnt.bgz	1.26158282512	1.1263555386700002	0.860061708379	0.886960077995
Impedance_of_arm_left.23110_irnt.bgz	0.565308575483	0.6377458338399999	0.47474174783600004	0.570098107158
Impedance_of_arm_right.23109_irnt.bgz	0.690086581005	0.725689822664	0.539999385261	0.607917239091
Impedance_of_leg_left.23108_irnt.bgz	0.922888647026	0.9101791162630001	0.7428420474770001	0.786425634587
Impedance_of_leg_right.23107_irnt.bgz	0.8945401740860001	0.8841778551170001	0.727022154	0.7697430414899998
Impedance_of_whole_body.23106_irnt.bgz	0.682695897709	0.710826380562	0.5748093304240001	0.650653625093
Injury,_poisoning_and_certain_other_consequences_of_external_causes.XIX_INJURY_POISON.bgz	2.2800268034999998	2.05477277883	1.54017346145	1.36005864442
Intra-ocular_pressure,_corneal-compensated_left.5262_irnt.bgz	0.8520696568780001	1.01261228046	0.696521485782	0.85468312241
Intra-ocular_pressure,_corneal-compensated_right.5254_irnt.bgz	0.6046545238669999	0.73384266155	0.702846298846	0.824704758586
Intra-ocular_pressure,_Goldmann-correlated_left.5263_irnt.bgz	0.504351530517	0.674044871322	0.680202073433	0.825997260478
Intra-ocular_pressure,_Goldmann-correlated_right.5255_irnt.bgz	0.35196015562700006	0.462642698807	0.638538833095	0.735733392772
Invitation_to_complete_online_24-hour_recall_dietary_questionnaire,_acceptance.110001.bgz	1.1680206341700001	0.833129282085	0.624820874613	0.5459203926899999
Irritability.1940.bgz	1.08699567359	1.08315427939	0.731699597834	0.743271070919
Ischaemic_heart_disease,_wide_definition.I9_IHD.bgz	0.783038353671	0.846504281917	0.36604363388000005	0.39913612445600005
Job_involves_heavy_manual_or_physical_work.816.bgz	0.809269896877	0.74700309213	0.554824533973	0.563430529808
Job_involves_mainly_walking_or_standing.806.bgz	0.8284938610979999	0.8560339274169999	0.616722240268	0.650842559119
Job_involves_shift_work.826.bgz	0.228958878029	0.8323921101999999	0.585238058782	0.774594362722
Leg_fat-free_mass_left.23117_irnt.bgz	0.991664929361	0.9206829640909999	0.713685917791	0.7545917063600001
Leg_fat-free_mass_right.23113_irnt.bgz	1.0274444537	0.962812389827	0.726470924014	0.766719484764
Leg_fat_mass_left.23116_irnt.bgz	1.1355272398	0.9837827272499999	0.7010523267569999	0.710568457829
Leg_fat_mass_right.23112_irnt.bgz	1.11180332096	0.960805324704	0.700210316855	0.7035228210240001
Leg_fat_percentage_left.23115_irnt.bgz	1.30659422621	1.1399417527700002	0.761567567039	0.74909040219
Leg_fat_percentage_right.23111_irnt.bgz	1.3017440446200002	1.1357261975	0.7747192637729999	0.7534753470540001
Leg_pain_on_walking.4728.bgz	1.7477611395500001	1.5782784459900001	1.28744755539	1.30986252824
Leg_predicted_mass_left.23118_irnt.bgz	0.993212870304	0.918836972957	0.716584801532	0.754337589536
Leg_predicted_mass_right.23114_irnt.bgz	1.0384757913299998	0.971704686145	0.7294251755210001	0.7692993299429999
Leisuresocial_activities:_Adult_education_class.6160_4.bgz	2.53774736179	2.25128915238	1.6002405947	1.39182410277
Leisuresocial_activities:_None_of_the_above.6160_100.bgz	0.787209366268	1.12799654826	0.604430550258	0.7399127191949999
Leisuresocial_activities:_Other_group_activity.6160_5.bgz	1.7260111933400002	1.9409746794099998	1.3015521835	1.42435575675
Leisuresocial_activities:_Pub_or_social_club.6160_2.bgz	1.02973419933	0.78548802355	0.742878598593	0.710285260044
Leisuresocial_activities:_Religious_group.6160_3.bgz	1.00221289065	1.19187356437	0.49497025534500005	0.54146250718
Leisuresocial_activities:_Sports_club_or_gym.6160_1.bgz	1.28795588082	1.5329314200600002	0.9020459738700001	0.971479369224
Length_of_time_at_current_address.699_irnt.bgz	1.26565460271	1.18688820155	0.611343210256	0.51597545
Lifetime_number_of_sexual_partners.2149.bgz	0.6799394002920001	0.791769624024	0.593287747152	0.6560219311150001
Light_smokers,_at_least_100_smokes_in_lifetime.2644.bgz	1.93300649893	2.0022406911400004	1.23444065443	1.32100025841
Loneliness,_isolation.2020.bgz	0.814651000724	0.853661651084	0.49425373594	0.560337966067
Long-standing_illness,_disability_or_infirmity.2188.bgz	1.84045949933	1.68663137509	1.01241870471	0.945446818053
Lymphocyte_count.30120_irnt.bgz	2.1630447752400004	1.9487895691599997	1.15427958888	1.09409753578
Lymphocyte_percentage.30180_irnt.bgz	1.44275555928	1.3196416886799998	0.8263597963279999	0.821171148513
Major_dietary_changes_in_the_last_5_years:_No.1538_0.bgz	1.17408099252	1.2257575013700002	0.8295488670129999	0.883563910336
Major_dietary_changes_in_the_last_5_years:_Yes,_because_of_illness.1538_1.bgz	1.17519383695	1.10657462483	1.01892640601	1.0317427105900001
Major_dietary_changes_in_the_last_5_years:_Yes,_because_of_other_reasons.1538_2.bgz	0.8073393280169999	0.866232841068	0.947070648735	1.0075951509
Maternal_smoking_around_birth.1787.bgz	1.23877403858	1.0512371028799998	0.751535575019	0.735293111729
Mean_corpuscular_haemoglobin_concentration.30060_irnt.bgz	0.27693813559	0.46292881453999996	0.271536092728	0.504611470206
Mean_time_to_correctly_identify_matches.20023_irnt.bgz	0.8487327107439999	0.7728502195100001	0.702608525793	0.648771336377
Medication_for_cholesterol,_blood_pressure,_diabetes,_or_take_exogenous_hormones:_Blood_pressure_medication.6153_2.bgz	1.1526383150200001	1.18868930638	0.792263503226	0.8215422593539999
Medication_for_cholesterol,_blood_pressure,_diabetes,_or_take_exogenous_hormones:_Cholesterol_lowering_medication.6153_1.bgz	0.7517478594589999	0.580379059317	0.6467852171949999	0.6047543972680001
Medication_for_cholesterol,_blood_pressure,_diabetes,_or_take_exogenous_hormones:_None_of_the_above.6153_100.bgz	1.00742734823	1.05579591365	0.603876431236	0.65042663882
Medication_for_cholesterol,_blood_pressure_or_diabetes:_Blood_pressure_medication.6177_2.bgz	0.628147020572	0.791749801248	0.675831615205	0.7812247368780001
Medication_for_cholesterol,_blood_pressure_or_diabetes:_Cholesterol_lowering_medication.6177_1.bgz	0.116138580432	0.0812735694865	0.35645599461800004	0.343500513565
Medication_for_cholesterol,_blood_pressure_or_diabetes:_None_of_the_above.6177_100.bgz	0.68826436762	0.732825472933	0.724636618799	0.7570838425319999
Medication_for_pain_relief,_constipation,_heartburn:_Aspirin.6154_1.bgz	2.38319018896	2.7529803015400005	1.20621210129	1.33527339665
Medication_for_pain_relief,_constipation,_heartburn:_Ibuprofen_e.g._Nurofen.6154_2.bgz	1.2241984535600001	0.948124010449	1.07252149845	1.00541763024
Medication_for_pain_relief,_constipation,_heartburn:_None_of_the_above.6154_100.bgz	1.9892227633500001	1.8818750062799998	1.30599667669	1.26529349431
Medication_for_pain_relief,_constipation,_heartburn:_Omeprazole_e.g._Zanprol.6154_5.bgz	1.7121545920899999	1.54450969161	1.2417439264499999	1.1841421680700002
Medication_for_pain_relief,_constipation,_heartburn:_Paracetamol.6154_3.bgz	1.09603662326	0.776434155979	0.957830744808	0.799419153928
Milk_type_used:_Semi-skimmed.1418_2.bgz	1.5589513428100001	1.9906079033300002	0.992103343219	1.1691619945799998
Milk_type_used:_Skimmed.1418_3.bgz	1.2098233361	1.27024108254	0.9870318854610001	0.995453334891
Mineral_and_other_dietary_supplements:_Fish_oil_including_cod_liver_oil.6179_1.bgz	0.38725816763300003	0.282837488494	0.6782115122560001	0.75586081162
Mineral_and_other_dietary_supplements:_Glucosamine.6179_2.bgz	0.178430072755	0.238360577967	0.471377680162	0.470200573156
Mineral_and_other_dietary_supplements:_None_of_the_above.6179_100.bgz	0.843349573785	0.6660217936399999	0.6662940445800001	0.670906437979
Miserableness.1930.bgz	0.9332711748289999	0.942156718055	0.6864253942149999	0.690202566431
Mood_swings.1920.bgz	0.483243146315	0.48548559844300004	0.501631777363	0.503283564661
Morningevening_person_chronotype.1180.bgz	1.58131621498	1.45633388465	1.08587451292	1.01245888192
Mouthteeth_dental_problems:_Bleeding_gums.6149_3.bgz	1.9897916422400002	1.78439312741	0.990652367659	0.8798195581430001
Mouthteeth_dental_problems:_Dentures.6149_6.bgz	1.00634460763	0.9827659943610001	0.7398169070039999	0.7260157924330001
Mouthteeth_dental_problems:_Mouth_ulcers.6149_1.bgz	2.94191110522	2.64376030585	1.75647349095	1.57525750944
Mouthteeth_dental_problems:_None_of_the_above.6149_100.bgz	1.2005099619700002	1.13498353304	0.6576768502220001	0.630981456139
Nap_during_day.1190.bgz	0.51890843304	0.478352710255	0.6418987677610001	0.638356906003
Nerve,_nerve_root_and_plexus_disorders.G6_NERPLEX.bgz	1.12972272669	1.07491685727	0.854104457246	0.862663984095
Nervous_feelings.1970.bgz	0.21664881893500001	0.121093427761	0.5053109626219999	0.493179930215
Neuroticism_score.20127_irnt.bgz	0.779670316383	0.80874088022	0.650359684559	0.6737579043359999
Neutrophill_count.30140_irnt.bgz	0.856989871883	0.814275720485	0.576358510608	0.662272291853
Neutrophill_percentage.30200_irnt.bgz	1.01029007662	0.897973116276	0.666718405202	0.663399419417
Never_eat_eggs,_dairy,_wheat,_sugar:_I_eat_all_of_the_above.6144_5.bgz	0.610580343649	0.7307234075040001	0.636748132992	0.746881665758
Never_eat_eggs,_dairy,_wheat,_sugar:_Sugar_or_foodsdrinks_containing_sugar.6144_4.bgz	1.04474693506	1.0843719911799998	0.822727340061	0.9297599867399999
Non-cancer_illness_code,_self-reported:_angina.20002_1074.bgz	0.983547058406	1.2055578696200002	0.75893663392	0.91363447875
Non-cancer_illness_code,_self-reported:_asthma.20002_1111.bgz	1.3879120634	1.4459731479	0.783242129722	0.819286295462
Non-cancer_illness_code,_self-reported:_depression.20002_1286.bgz	0.93976085141	0.590980812487	0.529451520339	0.42968595341399995
Non-cancer_illness_code,_self-reported:_diabetes.20002_1220.bgz	1.66776478146	1.43218313789	1.0242672581899999	0.9442031966760001
Non-cancer_illness_code,_self-reported:_hayfeverallergic_rhinitis.20002_1387.bgz	1.73663934783	1.65054915456	0.942752809122	0.851228952394
Non-cancer_illness_code,_self-reported:_high_cholesterol.20002_1473.bgz	-0.0133276135971	-0.050692385412300006	0.341973658212	0.30937628928399996
Non-cancer_illness_code,_self-reported:_hypertension.20002_1065.bgz	0.8866003420819999	0.974458833238	0.713482803631	0.773712379975
Non-cancer_illness_code,_self-reported:_osteoarthritis.20002_1465.bgz	0.428666106896	0.258324813997	0.346915495676	0.311012063823
Number_of_daysweek_of_moderate_physical_activity_10+_minutes.884.bgz	0.237862482736	0.431993065472	0.42411132312100003	0.545363075185
Number_of_daysweek_of_vigorous_physical_activity_10+_minutes.904.bgz	-0.00410164381987	0.413051767917	0.393859239277	0.639435534648
Number_of_daysweek_walked_10+_minutes.864.bgz	0.523123465215	0.38408869523	0.550781477004	0.615656226711
Number_of_fluid_intelligence_questions_attempted_within_time_limit.20128.bgz	0.33733020218099996	0.179338610748	0.365070367808	0.243269107568
Number_of_incorrect_matches_in_round.399_irnt.bgz	0.6844346039920001	0.7784848105600001	0.7070310327220001	0.757609185746
Number_of_live_births.2734.bgz	0.38492273567900004	0.283736950728	0.6947470109649999	0.6134828672429999
Number_of_operations,_self-reported.136.bgz	1.57925065212	1.43227546051	1.0990260191299999	1.16590175987
Number_of_self-reported_non-cancer_illnesses.135.bgz	1.02937713658	1.06046530239	0.703055997648	0.724850027077
Number_of_treatmentsmedications_taken.137.bgz	1.49284304102	1.38073574563	0.9250228514390001	0.9331281543629999
Number_of_vehicles_in_household.728.bgz	1.1788774585	1.03116689764	0.902157753123	0.828074275907
Other_joint_disorders.M13_OTHERJOINT.bgz	2.03703391728	2.13800839054	1.44440477693	1.4006550076700002
Other_serious_medical_conditiondisability_diagnosed_by_doctor.2473.bgz	1.31380820396	1.4780892996500001	0.984067855021	1.06747746955
Overall_health_rating.2178.bgz	1.0653257176200002	1.09310493773	0.743893405907	0.76723098656
Own_or_rent_accommodation_lived_in:_Own_outright_by_you_or_someone_in_your_household.680_1.bgz	0.673120823785	0.885412028246	0.642579578922	0.733049208259
Own_or_rent_accommodation_lived_in:_Rent_-_from_local_authority,_local_council,_housing_association.680_3.bgz	1.20772832538	1.14869028361	0.777645344911	0.693774097198
Pain_types_experienced_in_last_month:_Back_pain.6159_4.bgz	1.1561694520299999	1.09694951505	0.7685667099719999	0.753385700644
Pain_types_experienced_in_last_month:_Headache.6159_1.bgz	1.14126756259	1.03644928327	0.885481171583	0.834800166898
Pain_types_experienced_in_last_month:_Hip_pain.6159_6.bgz	0.68097971508	0.509367352902	0.711391354662	0.686392849445
Pain_types_experienced_in_last_month:_Knee_pain.6159_7.bgz	0.9989958348019999	1.14207582736	0.824088744259	0.8981379613079999
Pain_types_experienced_in_last_month:_Neck_or_shoulder_pain.6159_3.bgz	0.646280359476	0.513635580516	0.488921065334	0.48664815640799997
Pain_types_experienced_in_last_month:_None_of_the_above.6159_100.bgz	0.428637280288	0.47556476449100005	0.519233465994	0.510642143776
Pain_types_experienced_in_last_month:_Stomach_or_abdominal_pain.6159_5.bgz	1.8267110136000002	1.71156523842	0.9031311102130001	0.951429186567
Past_tobacco_smoking.1249.bgz	1.23545394214	1.17949503338	0.757903900012	0.7425074503679999
Peak_expiratory_flow_PEF.3064_irnt.bgz	0.420344431882	0.499269533054	0.5470896910999999	0.553830621645
Phosphate_mmolL.30810_irnt.gz	0.708455860982	0.7637805381749999	0.6773865682510001	0.713459366015
Physically_abused_by_family_as_a_child.20488.bgz	2.58146720475	2.43221121972	1.26431829713	1.2904340790200002
Plays_computer_games.2237.bgz	1.27040194384	1.3818314170500001	0.829056415375	0.864214636031
Potassium_in_urine.30520_irnt.bgz	0.619463801682	0.659013848934	0.482340115342	0.55690554952
Pulse_rate.4194_irnt.bgz	1.11757969108	1.83052794882	0.766226141598	1.06367353274
Pulse_rate,_automated_reading.102_irnt.bgz	0.575606396516	1.0805840608700001	0.6151844652530001	0.817629904281
Pulse_wave_reflection_index.4195_irnt.bgz	2.66942701597	3.0244968022900003	1.21722128064	1.39903672445
Qualifications:_A_levelsAS_levels_or_equivalent.6138_2.bgz	0.955111088771	0.9041420753389999	0.609526758802	0.634957707877
Qualifications:_College_or_University_degree.6138_1.bgz	0.887029544879	0.871670053984	0.659004613593	0.658182637964
Qualifications:_None_of_the_above.6138_100.bgz	0.671210582295	0.534727662027	0.494586927853	0.449339417356
Qualifications:_NVQ_or_HND_or_HNC_or_equivalent.6138_5.bgz	1.05706071557	1.07944386356	0.45745835444300004	0.658163832206
Qualifications:_O_levelsGCSEs_or_equivalent.6138_3.bgz	-0.15116210978	-0.190319195543	0.146585827881	0.162637299386
Qualifications:_Other_professional_qualifications_eg:_nursing,_teaching.6138_6.bgz	0.037777123172499996	0.09821222492910002	0.247082273681	0.290942760408
Reason_for_glassescontact_lenses:_For_short-sightedness,_i.e._only_or_mainly_for_distance_viewing_such_as_driving,_cinema_etc_called_myopia.6147_1.bgz	0.849092754418	0.635632977054	0.895751279189	0.822084271836
Reason_for_reducing_amount_of_alcohol_drunk:_Health_precaution.2664_3.bgz	1.8516048067500002	1.8779802944599997	1.1835521201399999	1.1444044764499999
Recent_feelings_of_tiredness_or_low_energy.20519.bgz	0.620764773922	0.481041031603	0.47909141505900005	0.407913454389
Red_blood_cell_erythrocyte_count.30010_irnt.bgz	0.7286672369570001	0.773168064799	0.660606713041	0.8526223650239999
Red_blood_cell_erythrocyte_distribution_width.30070_irnt.bgz	1.06876179912	1.27923665294	0.812582704386	0.9558785163299999
Relative_age_of_first_facial_hair.2375.bgz	2.18732692105	1.9104823237900002	1.4238362167299998	1.28307964739
Relative_age_voice_broke.2385.bgz	2.0049292530400002	1.88985406475	1.35658514412	1.26079222255
Risk_taking.2040.bgz	1.5726385976800001	1.6059782098100002	0.888493504579	0.8662084722139999
Salad__raw_vegetable_intake.1299.bgz	1.3446364515	1.32374659521	0.930815685687	0.871892987159
Salt_added_to_food.1478.bgz	0.67886729529	0.619306876583	0.5386340555529999	0.47229328878999993
Seen_a_psychiatrist_for_nerves,_anxiety,_tension_or_depression.2100.bgz	0.812484500483	0.8055906102429999	0.830784648205	0.8692223615200001
Seen_doctor_GP_for_nerves,_anxiety,_tension_or_depression.2090.bgz	1.17061842221	0.9934401561130001	0.7713794121709999	0.720662395565
Sensitivity__hurt_feelings.1950.bgz	0.343231654833	0.412623729288	0.552333109573	0.599380213332
Sitting_height.20015_irnt.bgz	1.03032697341	0.9159176427399999	0.773846037932	0.7422512482539999
Sleep_duration.1160.bgz	0.48011485325099995	0.43291617489100004	0.5616768612699999	0.536444371094
Sleeplessness__insomnia.1200.bgz	0.6849510948190001	0.746554584519	0.616229981278	0.6406745374530001
Smoking_status:_Current.20116_2.bgz	0.970583956996	0.8209644288779999	0.683969830226	0.6450708717979999
Smoking_status:_Never.20116_0.bgz	1.25519019637	1.2208520554	0.757271410808	0.7688076068440001
Smoking_status:_Previous.20116_1.bgz	0.9642068777670001	0.992939024049	0.5863210401210001	0.611619591461
Snoring.1210.bgz	1.19425377309	1.14775884169	0.9091012892679999	0.851673246546
Sodium_in_urine.30530_irnt.bgz	0.6818878884790001	0.7888506099250001	0.576162404927	0.621515075301
Spells_in_hospital.41235.bgz	1.71808480432	1.7402666197499999	0.915423716067	0.969674413203
Spherical_power_left.5085_irnt.bgz	0.481419481725	0.488272988498	0.58418339626	0.639290525939
Spherical_power_right.5084_irnt.bgz	0.6008570964559999	0.63230292696	0.612048643665	0.653816583531
Spread_type:_Butterspreadable_butter.1428_1.bgz	1.2395353973799998	1.287915515	0.996912754479	1.00096948214
Spread_type:_Neverrarely_use_spread.1428_0.bgz	2.0115751906	2.08772369907	1.1431736860200001	1.1314632395200002
Spread_type:_Other_type_of_spreadmargarine.1428_3.bgz	0.845732259192	0.8963265491299999	0.827792786659	0.810226395858
Standing_height.50_irnt.bgz	1.01942933492	0.9760795854200001	0.7962833327459999	0.7909075722660001
Substances_taken_for_depression:_Medication_prescribed_to_you_for_at_least_two_weeks.20546_3.bgz	0.962420470158	0.48188905349399996	0.583613277983	0.42413691007700005
Suffer_from_nerves.2010.bgz	0.516251424165	0.407740160263	0.46759595251999997	0.44802440369499996
Symptoms,_signs_and_abnormal_clinical_and_laboratory_findings,_not_elsewhere_classified.XVIII_MISCFINDINGS.bgz	0.702997478883	0.8462120600059999	0.675340579148	0.7441500905740001
Systolic_blood_pressure,_automated_reading.4080_irnt.bgz	1.03461292364	0.887044374774	0.7855791989129999	0.709596678197
Taking_other_prescription_medications.2492.bgz	1.7007879637399999	1.51265743967	0.954519318014	0.944767494834
Tea_intake.1488_irnt.bgz	2.26154955327	2.48233104026	1.12455239663	1.1704106521
Tense__highly_strung.1990.bgz	1.25194445874	1.17096026897	0.8078319477249999	0.7769427725220001
Testosterone_nmolL.30850_irnt.gz	0.941040505563	0.896107923178	0.80999163248	0.831505272977
Time_spend_outdoors_in_summer.1050.bgz	0.711996338063	0.667620266785	0.45160843997199995	0.425804474085
Time_spent_driving.1090.bgz	1.26684880769	1.15625212405	0.7052570279160001	0.7518516781419999
Time_spent_outdoors_in_winter.1060.bgz	1.1596760648	0.865163163575	0.6289690682919999	0.507350436265
Time_spent_using_computer.1080.bgz	0.760241480078	0.720901836039	0.606534448943	0.598455735335
Time_spent_watching_television_TV.1070.bgz	0.9936245580840001	0.96015364631	0.6786472152899999	0.722590032432
Time_to_complete_round.400_irnt.bgz	0.677076215117	0.892141920567	0.626854728007	0.7319857685850001
Tinnitus:_No,_never.4803_0.bgz	2.04253800202	2.20766233008	1.2160702852	1.2449175044399998
Tobacco_smoking:_Ex-smoker.22506_113.bgz	0.8576368088930001	0.8176721005300001	0.5382414886399999	0.6174690435600001
Tobacco_smoking:_Never_smoked.22506_114.bgz	0.769819539175	0.757377585901	0.490930796101	0.6051304820610001
Total_protein_gL.30860_irnt.gz	0.764360340301	0.778348869394	0.716100469392	0.7656524527840001
Townsend_deprivation_index_at_recruitment.189_irnt.bgz	0.178099180649	0.355570943411	0.275820958993	0.351492509718
Treatmentmedication_code:_amlodipine.20003_1140879802.bgz	0.145521961378	0.344835511144	0.561131004129	0.698705372041
Treatmentmedication_code:_aspirin.20003_1140868226.bgz	2.3700002719	2.83951755664	1.18772051438	1.36685982342
Treatmentmedication_code:_atenolol.20003_1140866738.bgz	-0.205035599012	-0.216587591402	0.34550888304099997	0.401895027351
Treatmentmedication_code:_bendroflumethiazide.20003_1141194794.bgz	0.18668609771699998	0.210437150496	0.443771375175	0.48407193530500003
Treatmentmedication_code:_ibuprofen.20003_1140871310.bgz	1.0045931209	0.612788425384	1.0355913341299998	0.8303053570110001
Treatmentmedication_code:_omeprazole.20003_1140865634.bgz	1.83037571466	1.6699915383000001	1.34775265882	1.27530301959
Treatmentmedication_code:_paracetamol.20003_2038460150.bgz	0.750929773889	0.40306198253	0.908647431107	0.727132271012
Treatmentmedication_code:_ramipril.20003_1140860806.bgz	0.0592172851446	-0.0178740300817	0.333343431609	0.252299668427
Treatmentmedication_code:_simvastatin.20003_1140861958.bgz	0.353364495366	0.400847284575	0.458999064453	0.47994921766000004
Trouble_falling_or_staying_asleep,_or_sleeping_too_much.20517.bgz	2.0561973054599996	2.17434250363	1.0977924857899999	1.14666725329
Trunk_fat-free_mass.23129_irnt.bgz	0.852380327079	0.811785006843	0.6041586386069999	0.657892109835
Trunk_fat_mass.23128_irnt.bgz	1.1247563108399998	0.99667249889	0.7752992931649999	0.7903677023360001
Trunk_fat_percentage.23127_irnt.bgz	1.13919803843	1.03111714612	0.794251076477	0.80894033622
Trunk_predicted_mass.23130_irnt.bgz	0.84658077969	0.805099322828	0.601976474963	0.65483735929
Types_of_physical_activity_in_last_4_weeks:_Heavy_DIY_eg:_weeding,_lawn_mowing,_carpentry,_digging.6164_5.bgz	0.933756057736	0.831828914243	0.866259559497	0.829892064962
Types_of_physical_activity_in_last_4_weeks:_Light_DIY_eg:_pruning,_watering_the_lawn.6164_4.bgz	0.9133628668680001	1.14435705136	0.68417133956	0.771434179945
Types_of_physical_activity_in_last_4_weeks:_None_of_the_above.6164_100.bgz	-0.34704794293799995	0.07298536121410001	0.256766109187	0.388387536403
Types_of_physical_activity_in_last_4_weeks:_Other_exercises_eg:_swimming,_cycling,_keep_fit,_bowling.6164_2.bgz	1.26509905053	1.3594594434099998	0.9211695012569999	0.997858214368
Types_of_physical_activity_in_last_4_weeks:_Strenuous_sports.6164_3.bgz	2.1530306977900002	2.40957938327	1.22958730325	1.3315662605
Types_of_physical_activity_in_last_4_weeks:_Walking_for_pleasure_not_as_a_means_of_transport.6164_1.bgz	0.21644767820799998	0.194190958743	0.42969654719899997	0.462888678447
Types_of_transport_used_excluding_work:_Carmotor_vehicle.6162_1.bgz	0.438242064128	0.32584222402699997	0.555285677487	0.544817557657
Types_of_transport_used_excluding_work:_Cycle.6162_4.bgz	1.81402530501	1.73111042378	1.1433885468	1.16097110411
Types_of_transport_used_excluding_work:_Public_transport.6162_3.bgz	0.586097874146	0.986815965186	0.693205861839	0.7979590794239999
Types_of_transport_used_excluding_work:_Walk.6162_2.bgz	0.019187521359599998	0.131629329462	0.24228941608399998	0.35147791504500003
Urea_mmolL.30670_irnt.gz	1.2077444433600002	1.20688392691	0.9180351434890001	0.9111251136540001
Usual_walking_pace.924.bgz	1.28077274055	1.133214135	0.816793391513	0.733950933106
Variation_in_diet.1548.bgz	1.5969893514200002	1.58419453581	1.08940556427	1.06534471523
Vascularheart_problems_diagnosed_by_doctor:_Angina.6150_2.bgz	1.03196718226	1.28948878501	0.8166016577869999	0.958814372792
Vascularheart_problems_diagnosed_by_doctor:_High_blood_pressure.6150_4.bgz	0.8942327998999999	1.02564866954	0.716647156159	0.780909286579
Vascularheart_problems_diagnosed_by_doctor:_None_of_the_above.6150_100.bgz	0.7445765717589999	0.9627930043080001	0.635586824633	0.7359508167659999
Vitamin_and_mineral_supplements:_Multivitamins_+-_minerals.6155_7.bgz	0.619056629743	0.431884525299	0.559427186148	0.560207705806
Vitamin_and_mineral_supplements:_None_of_the_above.6155_100.bgz	1.0934907114299999	0.744597470799	0.775498505126	0.713665515748
Waist_circumference.48_irnt.bgz	1.18642661737	0.982673376981	0.735402621725	0.715504568118
Water_intake.1528.bgz	1.3333405159799998	1.38935779557	0.9894569274889999	0.984483047326
Weight.21002_irnt.bgz	0.945591764826	0.83759509648	0.655082726527	0.688501037404
Weight.23098_irnt.bgz	0.955788571425	0.8544167899160001	0.664212565445	0.7014225189550001
Wheeze_or_whistling_in_the_chest_in_last_year.2316.bgz	1.2229543247499999	1.21675297614	0.780248062193	0.7990058324420001
White_blood_cell_leukocyte_count.30000_irnt.bgz	1.36849690005	1.28566986766	0.788089841589	0.846056312377
Whole_body_fat-free_mass.23101_irnt.bgz	0.934882800156	0.877732236012	0.656422507948	0.703423728937
Whole_body_fat_mass.23100_irnt.bgz	1.12024985895	0.964176547758	0.734758010044	0.741481609833
Whole_body_water_mass.23102_irnt.bgz	0.921464409793	0.863039614721	0.65210499772	0.696125335863
Worrier__anxious_feelings.1980.bgz	0.830091175828	0.698712186827	0.6867151224789999	0.625433716796
Worry_too_long_after_embarrassment.2000.bgz	0.9183323788590001	0.9360203983480001	0.7627440766529999	0.7584184505789999
Year_ended_full_time_education.22501_irnt.bgz	1.43426597285	1.16207466969	0.9299266539550001	0.811754076334
